end,filed,form,Name,Ticker,CIK,Currency,AccountsPayableCurrentAndNoncurrent,AdditionalPaidInCapitalCommonStock,AssetManagementCosts,Assets,AssetsHeldInTrust,AssetsUnderManagementCarryingAmount,Cash,CashAndCashEquivalentsAtCarryingValue,CashAndCashEquivalentsPeriodIncreaseDecrease,CashCashEquivalentsRestrictedCashAndRestrictedCashEquivalentsPeriodIncreaseDecreaseExcludingExchangeRateEffect,CashCashEquivalentsRestrictedCashAndRestrictedCashEquivalentsPeriodIncreaseDecreaseIncludingExchangeRateEffect,CashEquivalentsAtCarryingValue,CashPeriodIncreaseDecrease,CashSegregatedUnderCommodityExchangeActRegulation,CommissionsPayableToBrokerDealersAndClearingOrganizations,Deposits,DepreciationAmortizationAndAccretionNet,DerivativeFairValueOfDerivativeAssetAmountOffsetAgainstCollateral,DerivativeFairValueOfDerivativeLiabilityAmountOffsetAgainstCollateral,DistributedEarnings,DividendIncomeOperating,DividendsReceivable,DueFromAffiliates,DueToRelatedPartiesCurrentAndNoncurrent,EarningsPerShareBasic,FinancialInstrumentsOwnedAtFairValue,FinancialInstrumentsOwnedDerivativesAndOtherContractualAgreementsAtFairValue,FinancialInstrumentsOwnedUSGovernmentAndAgencyObligationsAtFairValue,FloorBrokerageExchangeAndClearanceFees,GainLossOnInvestments,GainLossOnSaleOfDebtInvestments,GainLossOnSaleOfDerivatives,GainLossOnSaleOfInvestments,GainLossOnSaleOfSecuritiesNet,GeneralPartnersCapitalAccount,GeneralPartnersCapitalAccountUnitsOutstanding,GoodFaithAndMarginDepositsWithBrokerDealers,IncreaseDecreaseInAccountsPayable,IncreaseDecreaseInAccountsPayableRelatedParties,IncreaseDecreaseInAccruedLiabilities,IncreaseDecreaseInDividendsReceivable,IncreaseDecreaseInOperatingCapital,IncreaseDecreaseInPayablesToBrokerDealers,InterestAndDividendIncomeOperating,InterestExpense,InterestIncomeExpenseNet,InterestIncomeOperating,InterestPaid,InterestPaidNet,InvestmentCompanyContractualFeeWaived,InvestmentCompanyExpenseRatioIncludingVoluntaryFeeWaiver,InvestmentCompanyGainLossOnInvestmentPerShare,InvestmentCompanyGeneralPartnerAdvisoryService,InvestmentCompanyInvestmentIncomeLossFromOperationsPerShare,InvestmentCompanyInvestmentIncomeLossPerShare,InvestmentCompanyInvestmentIncomeLossRatio,InvestmentCompanyRealizedAndUnrealizedGainLossOnInvestmentAndForeignCurrency,InvestmentCompanyTaxReturnOfCapitalDistributionPerShare,InvestmentCompanyTaxReturnOfCapitalDistributionPerShare,InvestmentCompanyTotalReturn,InvestmentIncomeNet,InvestmentOwnedAtCost,InvestmentOwnedAtFairValue,InvestmentOwnedPercentOfNetAssets,InvestmentOwnedUnderlyingFaceAmountAtMarketValue,InvestmentOwnedUnrecognizedUnrealizedAppreciation,InvestmentOwnedUnrecognizedUnrealizedAppreciationDepreciationNet,InvestmentsInAndAdvancesToAffiliatesAtFairValue,Liabilities,LiabilitiesAndStockholdersEquity,LimitedPartnersCapitalAccount,LimitedPartnersCapitalAccountUnitsOutstanding,ManagementFeePayable,MarketableSecuritiesRealizedGainLoss,MarketableSecuritiesUnrealizedGainLoss,MinorityInterestDecreaseFromRedemptions,NetAssetValuePerShare,NetCashProvidedByUsedInFinancingActivities,NetCashProvidedByUsedInFinancingActivitiesContinuingOperations,NetCashProvidedByUsedInOperatingActivities,NetCashProvidedByUsedInOperatingActivitiesContinuingOperations,NetIncomeLoss,NetIncomeLossAttributableToNoncontrollingInterest,OperatingExpenses,OperatingIncomeLoss,OtherInvestmentsAndSecuritiesAtCost,OtherPayablesToBrokerDealersAndClearingOrganizations,PartnersCapitalAccountContributions,PartnersCapitalAccountReturnOfCapital,PartnersCapitalDistributionAmountPerShare,PayablesToBrokerDealersAndClearingOrganizations,PaymentsForProceedsFromInvestments,PaymentsForPurchaseOfSecuritiesOperatingActivities,PaymentsForRepurchaseOfCommonStock,PaymentsForRepurchaseOfRedeemableNoncontrollingInterest,PaymentsOfDividends,PaymentsToAcquireInvestments,PaymentsToAcquireMarketableSecurities,PaymentsToMinorityShareholders,ProceedsFromIssuanceOfCommonStock,ProceedsFromSaleAndMaturityOfMarketableSecurities,ProceedsFromSaleMaturityAndCollectionsOfInvestments,ProceedsFromSaleOfSecuritiesOperatingActivities,ProfessionalFees,ProfitLoss,RealizedGainLossOnMarketableSecuritiesCostMethodInvestmentsAndOtherInvestments,RealizedInvestmentGainsLosses,ReceivablesFromBrokersDealersAndClearingOrganizations,ReceivablesFromClearingOrganizations,RestrictedCashAndCashEquivalents,RestrictedCashAndInvestments,RestrictedInvestments,RestrictedInvestmentsPercentOfNetAssets,RetainedEarningsAccumulatedDeficit,SecuritiesPurchasedUnderAgreementsToResellLiability,SharesIssued,SharesOutstanding,StockholdersEquity,StockholdersEquityPeriodIncreaseDecrease,StockIssuedDuringPeriodSharesNewIssues,StockIssuedDuringPeriodSharesPeriodIncreaseDecrease,StockIssuedDuringPeriodValueNewIssues,StockRedeemedOrCalledDuringPeriodShares,StockRedeemedOrCalledDuringPeriodValue,TaxBasisOfInvestmentsUnrealizedAppreciationDepreciationNet,TemporaryEquityValueExcludingAdditionalPaidInCapital,UnrealizedGainLossOnDerivatives,UnrealizedGainLossOnInvestments,UnrealizedGainLossOnMarketableSecuritiesCostMethodInvestmentsAndOtherInvestments,UnrealizedGainLossOnSecurities,UnrealizedGainOnSecurities,UnrealizedLossOnSecurities,MarketableSecuritiesRealizedGainLossExcludingOtherThanTemporaryImpairments,MarketableSecuritiesUnrealizedGainLossExcludingOtherThanTemporaryImpairments
2008-12-31,2009-03-02,10-K,INVESCO DB US DOLLAR INDEX BEARISH FUND,UDN,CIK0001383149,USD,,,,,,,,67132379.0,,,,,,,,,,,,,,,,,,,,,,,,,,,,,,,,,,,,,,,,,,,,,,,,,,,,,,,,,,,,,,,,,,,,,,,,,,,,,,,,,,,,,,,,,,,,,,,,,,,,,,,,,,,,,,,,,,,,,,,,,,,,,,
2009-12-31,2010-02-24,10-K,INVESCO DB US DOLLAR INDEX BEARISH FUND,UDN,CIK0001383149,USD,,,1383499.0,,,,,33574291.0,-33558088.0,,,,,,,,-357150.0,,,,,,,,,,,,146851.0,15241864.0,8887.0,27209810.0,,8887.0,,,,104162.0,,204.0,,,,,,,357151.0,,,,,,,,,,,,,,-1173199.0,,,,,,,,,,,,,,,,,138279630.0,,-171837718.0,,,56.0,1530350.0,,,,,,,,,,215530858.0,,,,1166616711.0,,348575658.0,973994291.0,,,,14068665.0,,27218697.0,,,,,,,,,,,,,,,,,,,,-11979830.0,-11976833.0,,2997.0,,,,
2010-06-30,2010-08-04,10-Q,INVESCO DB US DOLLAR INDEX BEARISH FUND,UDN,CIK0001383149,USD,,,349012.0,,,,,5479017.0,,,,,,,,,,,,,,,,,,,,,25767.0,-11353040.0,,-16218653.0,,1720.0,,,,,,,,,,,,,60855.0,,,,,,,,,,,,,,-313924.0,,,,,,,,,,,,,,,,,,,,,,-66.0,374779.0,,,,,,,,,,,,,,,,,,,,,-11666964.0,,-16216933.0,,,,,,,,,,,,,,,,,,,,4863110.0,4863893.0,,783.0,,,,
2010-09-30,2010-11-08,10-Q,INVESCO DB US DOLLAR INDEX BEARISH FUND,UDN,CIK0001383149,USD,,,300261.0,,,,,14032370.0,,,,,,,,,,,,,,,,,,,,,19018.0,13810113.0,,9144857.0,,115.0,,,,,,,,,,,,,50974.0,,,,,,,,,,,,,,-268305.0,,,,,,,,,,,,,,,,,,,,,,87.0,319279.0,,,,,,,,,,,,,,,,,,,,,13541808.0,,9144972.0,,,,,,,,,,,,,,,,,,,,4657645.0,4665141.0,,7496.0,,,,
2010-12-31,2011-03-01,10-K,INVESCO DB US DOLLAR INDEX BEARISH FUND,UDN,CIK0001383149,USD,98614.0,148817426.0,1424186.0,151574112.0,,,,7442536.0,-26131755.0,,,,,,5089.0,,-202712.0,,,,,,,,,,2155588.0,141975988.0,99884.0,-6509551.0,4619.0,-16210181.0,,4619.0,1082.0,,151574112.0,-57133.0,,3334.0,,,,,,,202416.0,,,,,,,,,,,,,,-1321654.0,,,,,,,,103703.0,151574112.0,,,,,,1082.0,,-160563310.0,,134431555.0,,-7831184.0,-21.0,1524070.0,,,,,,,,,,283976186.0,1082.0,,,697769868.0,1082.0,123413958.0,849989769.0,,,,-7831205.0,,-16205562.0,,,,,,,2651901.0,,5600000.0,5600000.0,151470409.0,-160562228.0,4800000.0,-6000000.0,123413958.0,10800000.0,283976186.0,,,9692753.0,9696011.0,,3258.0,2155588.0,,,
2011-03-31,2011-05-09,10-Q,INVESCO DB US DOLLAR INDEX BEARISH FUND,UDN,CIK0001383149,USD,,,280754.0,,,,,19804027.0,12361491.0,,,,,,,,-46878.0,,,,,,,,,,,,18717.0,6406005.0,93.0,6400199.0,,93.0,,,,-1387.0,,2230.0,,,,,,,46878.0,,,,,,,,,,,,,,-252593.0,,,,,,,,,,,,,,,,,220570.0,,12140921.0,,,,299471.0,,,,,,,,,,5446300.0,,,,135959832.0,,5666870.0,141999182.0,,,,6153412.0,,6400292.0,,,,,,,,,,,,,,,,,,,,2222.0,5713.0,,3491.0,,,,
2011-06-30,2011-08-05,10-Q,INVESCO DB US DOLLAR INDEX BEARISH FUND,UDN,CIK0001383149,USD,97278.0,143508528.0,306150.0,155550309.0,,,,21415818.0,,,,,,,2018.0,,,,,,,,,,0.6,,135973.0,133998518.0,15186.0,3427687.0,,5453095.0,,1056.0,1152.0,,155550309.0,,,,,,,,,,29739.0,,,,,,,,,,,,,,-291597.0,,,,,,,,99296.0,155550309.0,,,,,,,,,,,,,,321336.0,,,,,,,,,,,,,,,,,,,,,3136090.0,,5454151.0,,,,,,,11941333.0,,5400000.0,5400000.0,155451013.0,-5529468.0,1000000.0,-200000.0,28969688.0,1200000.0,34499156.0,,,-2021837.0,-2026464.0,,-4627.0,,,,
2011-09-30,2011-11-07,10-Q,INVESCO DB US DOLLAR INDEX BEARISH FUND,UDN,CIK0001383149,USD,84619.0,121118528.0,278443.0,125424435.0,,,,16944017.0,,,,,,,967.0,,,,,,,,,,-1.54,,-2516878.0,110997296.0,25563.0,-7430557.0,,-4774219.0,,2129.0,1090.0,,125424435.0,,,,,,,,,,12399.0,,,,,,,,,,,,,,-291607.0,,,,,,,,85586.0,125424435.0,,,,,,,,,,,,,,304006.0,,110996265.0,,,,,,,,,,,,,,,,,,,-7722164.0,,-4772090.0,,,,,,,4219231.0,,4600000.0,4600000.0,125338849.0,-22390000.0,3200000.0,-800000.0,88921542.0,4000000.0,111311542.0,,,-2652851.0,-2658467.0,,-5616.0,,,,
2011-12-31,2012-02-28,10-K,INVESCO DB US DOLLAR INDEX BEARISH FUND,UDN,CIK0001383149,USD,68624.0,99488230.0,1087604.0,102224263.0,,,,1577141.0,-5865395.0,,,,,,2123.0,,-92578.0,,,0.0,,,,,,,650012.0,99997110.0,73742.0,1081071.0,3928.0,2591888.0,,3928.0,1075.0,,102224263.0,-29990.0,,-2966.0,,,,,,,92578.0,,,,,,,,,,,,,,-1068768.0,,,,,,,,70747.0,102224263.0,,,,,,,,-49329196.0,,43463801.0,,12303.0,,1161346.0,,,,,,,,,,178464890.0,,,,587931895.0,,129135694.0,629998110.0,,,,12303.0,,2595816.0,,,,,3016440.0,,2664211.0,,3800000.0,3800000.0,102153516.0,-49329196.0,4600000.0,-1800000.0,129135694.0,6400000.0,178464890.0,,,-1505576.0,-1514745.0,,-9169.0,650012.0,,,
2012-03-31,2012-05-09,10-Q,INVESCO DB US DOLLAR INDEX BEARISH FUND,UDN,CIK0001383149,USD,58750.0,88637296.0,180981.0,93332157.0,,,,19500447.0,17923306.0,,,,,,3582.0,,-3742.0,,,0.0,,,,,0.55,,1840417.0,71991293.0,18566.0,2163070.0,-508.0,967513.0,,-508.0,1097.0,,93332157.0,-9874.0,,1459.0,,,,,,,3720.0,,,,,,,,,,,,,,-195827.0,,,,,,,,62332.0,93332157.0,,,,,,,,-10850934.0,,28774240.0,,1967243.0,,199547.0,,,,,,,,,,32355908.0,,,,71984543.0,,21504974.0,99999254.0,,,,1967243.0,,967005.0,,,,,,,4631432.0,,3400000.0,3400000.0,93269825.0,-10850934.0,800000.0,-400000.0,21504974.0,1200000.0,32355908.0,,,1190405.0,1196065.0,,5660.0,,,,
2012-06-30,2012-08-03,10-Q,INVESCO DB US DOLLAR INDEX BEARISH FUND,UDN,CIK0001383149,USD,46927.0,72845654.0,161631.0,74584342.0,,,,17104022.0,,,,,,,89.0,,,,,,,,,,-0.81,,488989.0,56991331.0,10275.0,-2783671.0,,-1430642.0,,434.0,1065.0,,74584342.0,,,,,,,,,,14720.0,,,,,,,,,,,,,,-157186.0,,,,,,,,47016.0,74584342.0,,,,,,,,,,,,-2940857.0,,171906.0,,,,,,,,,,,,,,,,,,,,,-2940857.0,,-1430208.0,,,,,1202520.0,,1690607.0,,2800000.0,74537326.0,74537326.0,-15791642.0,200000.0,-600000.0,5265336.0,800000.0,21056978.0,,,-1351428.0,-1353463.0,,-2035.0,,,,
2012-09-30,2012-11-02,10-Q,INVESCO DB US DOLLAR INDEX BEARISH FUND,UDN,CIK0001383149,USD,97066.0,83667471.0,143617.0,87036404.0,,,,20746032.0,,,,,,,423.0,,,,,,,,,,0.55,,-697597.0,66987969.0,14774.0,1724540.0,,2910540.0,,226.0,1087.0,,87036404.0,,,,,,,,,,13623.0,,,,,,,,,,,,,,-144768.0,,,,,,,,97489.0,87036404.0,,,,,,,,,,,,1579772.0,,158391.0,,,,,,,,,,,,,,,,,,,,,1579772.0,,2910766.0,,,,,1925352.0,,3270357.0,,3200000.0,3200000.0,86938915.0,10821817.0,600000.0,400000.0,16287382.0,200000.0,5465565.0,,,-1186586.0,-1186226.0,,360.0,,,,
2012-12-31,2013-02-25,10-K,INVESCO DB US DOLLAR INDEX BEARISH FUND,UDN,CIK0001383149,USD,61918.0,,666918.0,92560006.0,0.0,,19586191.0,19586191.0,18009050.0,,,0.0,,,160.0,21654.0,-50739.0,,,0.0,,,,,0.03,,-21654.0,72995469.0,60362.0,1808849.0,388.0,2122931.0,,388.0,1088.0,40.0,92560006.0,-6706.0,,-1963.0,,,-1963.0,,,,69369.0,,,,,,,,,,,,,,-855347.0,,,,,,-21654.0,,62078.0,92560006.0,92496840.0,3400000.0,,,,,,-10435418.0,-10435418.0,28444468.0,28444468.0,953502.0,,727280.0,,,,,,,160.0,,,64358994.0,,,,283940373.0,,53923576.0,310997882.0,,,,779830.0,,2123319.0,,,,,1290300.0,,,,,3400000.0,92497928.0,-9655588.0,2000000.0,-400000.0,53923576.0,2400000.0,64358994.0,,,-671666.0,-666925.0,,4741.0,69306.0,90960.0,,
2013-03-31,2013-05-03,10-Q,INVESCO DB US DOLLAR INDEX BEARISH FUND,UDN,CIK0001383149,USD,55145.0,,167921.0,83585052.0,0.0,,,2954060.0,-16632131.0,,,,,,851.0,,-13041.0,,,0.0,,,,,-1.1,,-361537.0,80992529.0,14195.0,-3632465.0,-182.0,-3291886.0,,-182.0,1044.0,,83585052.0,-6773.0,,691.0,,,,,,,12921.0,,,,,,,,,,,,,,-169195.0,,,,,,,,55996.0,83585052.0,,,,,,,,-5167212.0,-5167212.0,-11464919.0,,-3801660.0,,182116.0,,,,,,,,,,10625018.0,,,,80983974.0,,5457806.0,72999259.0,,,,-3801660.0,,-3292068.0,,,,,1078440.0,,,,,3200000.0,83529056.0,-5167212.0,200000.0,-200000.0,5457806.0,400000.0,10625018.0,,,-339883.0,-340397.0,,-514.0,,361537.0,,
2013-06-30,2013-08-08,10-Q,INVESCO DB US DOLLAR INDEX BEARISH FUND,UDN,CIK0001383149,USD,44393.0,,141126.0,67709154.0,0.0,,,8795946.0,,,,0.0,,,8261.0,2084926.0,,,,,,,,,-0.08,,-2084926.0,60998134.0,18408.0,108854.0,,1830304.0,,2199.0,1041.0,,67709154.0,,,,,,,,,,10456.0,,,,,,,,,,,,,,-149078.0,,,,,,,,52654.0,67709154.0,,,,,,,,,,,,-40224.0,,159534.0,,,,,,,,,,,,,,,,,,,,,-40224.0,,1832503.0,,,,,1297890.0,,,,,2600000.0,67656500.0,-15872556.0,,-600000.0,,600000.0,15832332.0,,,-1723389.0,-1723649.0,,-260.0,,,,
2013-09-30,2013-11-05,10-Q,INVESCO DB US DOLLAR INDEX BEARISH FUND,UDN,CIK0001383149,USD,40056.0,,123574.0,69970281.0,0.0,,2900378.0,2900378.0,,,,0.0,,,879.0,,,,,,,,,,1.03,,1070832.0,65999071.0,2238.0,2716542.0,,-437424.0,,89.0,1082.0,,69970281.0,,,,,,,,,,7020.0,,,,,,,,,,,,,,-118792.0,,,,,,,,5040809.0,69970281.0,,,,,,,,,,,,2597750.0,,125812.0,,,,,,,879.0,,,,,,,,,,,,,,2597750.0,,-437335.0,,,,,1395680.0,,,,,2400000.0,64929472.0,-2727028.0,,-200000.0,,200000.0,5324778.0,,,3155758.0,3153877.0,,-1881.0,,,,
2013-12-31,2014-03-14,10-K,INVESCO DB US DOLLAR INDEX BEARISH FUND,UDN,CIK0001383149,USD,41843.0,,555153.0,70069544.0,0.0,,5020379.0,5020379.0,-14565812.0,,,0.0,,,2509.0,,-35277.0,,,0.0,,,,,-0.07,,,64995883.0,45810.0,-354949.0,,-656883.0,-656883.0,2105.0,1084.0,40.0,70069544.0,-20075.0,-20075.0,2349.0,,,2349.0,,,,38361.0,898.0,,,,,,,,,,,,,-696103.0,,,,5000000.0,,53282.0,,5043530.0,70069544.0,65024930.0,2400000.0,,2105.0,-1167.0,,,-26324321.0,-26324321.0,11758509.0,11758509.0,-1051051.0,,600963.0,-566584.0,,,,,,4999178.0,,267963255.0,31782127.0,,,,267963255.0,,5457806.0,280998234.0,,280998234.0,555153.0,-1147593.0,-654778.0,-654778.0,,,,,810810.0,,,,,,65026014.0,-27471914.0,,,5457806.0,,31782127.0,,,74936.0,74936.0,73769.0,-1167.0,,,,
2014-03-31,2014-05-09,10-Q,INVESCO DB US DOLLAR INDEX BEARISH FUND,UDN,CIK0001383149,USD,38625.0,,112188.0,64570746.0,0.0,,,3012787.0,-2007592.0,,,,,,1773.0,439900.0,-8231.0,,,0.0,,,,,-0.03,,,61997859.0,8279.0,-37157.0,,455807.0,,342.0,1082.0,40.0,64570746.0,-3218.0,,-736.0,,-5495161.0,-736.0,,,,8231.0,,,,,,,,,,,,,,-112236.0,,,,,,-439900.0,,5039893.0,64570746.0,59529771.0,2200000.0,,,,,,,-5345768.0,3338176.0,3338176.0,-149393.0,,120467.0,-112236.0,,,,,,,,,5345768.0,,,,56993099.0,,,59999889.0,,,,,,456149.0,,,,,801515.0,,,,,,59530853.0,-5495161.0,,,,,5345768.0,,,-493182.0,-493306.0,,-124.0,,,,
2014-06-30,2014-08-06,10-Q,INVESCO DB US DOLLAR INDEX BEARISH FUND,UDN,CIK0001383149,USD,33802.0,,104728.0,59404813.0,0.0,,,1751021.0,,,,0.0,,,168.0,,,,,0.0,,,,,0.13,,,56998318.0,5982.0,404503.0,,-689882.0,,233.0,1088.0,40.0,59404813.0,,,,,5159568.0,,,,,5446.0,,,,,,,,,,,,,,-105264.0,,,,5000000.0,,655474.0,,5033528.0,59404813.0,54370197.0,2000000.0,,,,,,,,,,299239.0,,110710.0,-105264.0,,,,,,4999558.0,,,,,,,,,,,,,,,,-689649.0,,,,,596640.0,,,,,,54371285.0,-5159568.0,,,,,5458807.0,,,1095374.0,1094152.0,,-1222.0,,,,
2014-09-30,2014-11-05,10-Q,INVESCO DB US DOLLAR INDEX BEARISH FUND,UDN,CIK0001383149,USD,29781.0,,97243.0,50240742.0,0.0,,,1147323.0,,,,0.0,,,5328.0,905812.0,,,,0.0,,,,,-2.08,,,49999231.0,10483.0,-3904693.0,,-2343054.0,,75.0,1004.0,40.0,50240742.0,,,,,-9165524.0,,,,,3720.0,,,,,,,,,,,,,,-104006.0,,,,5000000.0,,-905812.0,,5034981.0,50240742.0,45204757.0,1800000.0,,,,,,,,,,-4008699.0,,107726.0,-104006.0,,,,,,4999872.0,,,,,,,,,,,,,,,,-2342979.0,,,,,707135.0,,,,,,45205761.0,-9165524.0,,,,,5156825.0,,,-1561286.0,-1561714.0,,-428.0,,,,
2014-12-31,2015-03-09,10-K,INVESCO DB US DOLLAR INDEX BEARISH FUND,UDN,CIK0001383149,USD,47093.0,,112188.0,43841021.0,0.0,43841021.0,1829181.0,1829181.0,-3191198.0,,,0.0,-3191198.0,1829181.0,5311.0,987014.0,-19747.0,0.0,987014.0,0.0,,,,47093.0,-4.66,,,42998854.0,34419.0,-10187837.0,,-5821553.0,-5821553.0,700.0,951.0,40.0,752895.0,5250.0,5250.0,,,-12736193.0,2802.0,19726.0,,,22055.0,21.0,,,,,,,,,,,,,-566442.0,,,,,,-987014.0,,1052317.0,43841021.0,42787753.0,1800000.0,47093.0,700.0,-1443.0,,23.77,,-14930744.0,,11739546.0,-10754279.0,,463700.0,-566442.0,,,,,,999913.0,,223982840.0,40014869.0,,,,223982840.0,,25084125.0,241999608.0,,241999608.0,429281.0,,-5820853.0,-5820853.0,,,,,752895.0,0.0172,,,,,42788704.0,-22237310.0,,,25084125.0,,40014869.0,-987014.0,,-1040296.0,-1040296.0,-1041739.0,-1443.0,,,,
2015-03-31,2015-05-11,10-Q,INVESCO DB US DOLLAR INDEX BEARISH FUND,UDN,CIK0001383149,USD,26039.0,,74637.0,60203949.0,,,,18005618.0,16176437.0,,,0.0,,,4366.0,,-2581.0,455233.0,,0.0,,,,,-2.26,,,42198331.0,2448.0,-3807359.0,,-5249379.0,-5249379.0,96.0,860.0,40.0,3041160.0,-21054.0,-21054.0,,,227182.0,-945.0,,,,2574.0,,,,,,,,,,,,,,-74511.0,,,,,,455233.0,,17188063.0,60203949.0,43015026.0,2000000.0,,96.0,-323.0,,,,4109052.0,,12067385.0,-3881870.0,,77085.0,-74511.0,,,,,,16998818.0,,28998156.0,4643307.0,,,,28998156.0,,8752359.0,45799938.0,,45799938.0,74637.0,,-5249283.0,-5249283.0,,,,,3041160.0,,,,,,43015886.0,227182.0,,,8752359.0,,4643307.0,,,1442247.0,1442247.0,1441924.0,-323.0,,,,
2015-06-30,2015-08-10,10-Q,INVESCO DB US DOLLAR INDEX BEARISH FUND,UDN,CIK0001383149,USD,24656.0,,78907.0,40198679.0,,,,4198083.0,,,,,,,4702.0,,,0.0,170563.0,0.0,,,,,0.64,,,36000596.0,2354.0,1214196.0,,1839127.0,1839127.0,206.0,886.0,40.0,701380.0,,,,,-3145185.0,,,,,1859.0,,,,,,,,,,,,,,-79402.0,,,,,,,,327978.0,40198679.0,39869815.0,1800000.0,,206.0,659.0,,,,,,,1134794.0,,81261.0,-79402.0,,,,,,,,,,,,,,,,,,,78907.0,,1839333.0,1839333.0,,,,,701380.0,,,,,,39870701.0,-3145185.0,,,4433017.0,,8712996.0,-170563.0,,-625796.0,-625796.0,-625137.0,659.0,,,,
2015-09-30,2015-11-06,10-Q,INVESCO DB US DOLLAR INDEX BEARISH FUND,UDN,CIK0001383149,USD,,,75768.0,53012237.0,,,17010807.0,17010807.0,,,,,,,4884.0,,,0.0,328130.0,0.0,,,,,-0.19,,,36001430.0,1998.0,-282343.0,,-126489.0,-126489.0,,878.0,40.0,1728303.0,,,,,12839290.0,,1983.0,284.0,,1983.0,,,,,,,,,,,,,,-76067.0,,,,,,,,302246.0,53012237.0,52709113.0,2400000.0,25616.0,,1713.0,,,,,,,-358410.0,,78050.0,-76067.0,,,,,,,,,,,,,,,,,,,75768.0,,-126489.0,-126489.0,,,,,1728303.0,,,,,,52709991.0,12839290.0,,,13197700.0,,,-328130.0,,-157567.0,-157567.0,-155854.0,1713.0,,,,
2015-12-31,2016-02-29,10-K,INVESCO DB US DOLLAR INDEX BEARISH FUND,UDN,CIK0001383149,USD,,,,43056495.0,,1843588.0,6561288.0,6561288.0,4732107.0,,,0.0,4732107.0,,3883.0,,-12584.0,,,0.0,,,,29062.0,-2.89,36100848.0,,36495207.0,9388.0,-4235026.0,,,-4150031.0,,857.0,40.0,1843588.0,,-18031.0,,,-14144214.0,-1428.0,12584.0,1012.0,,18399.0,1012.0,,0.0,0.0078,-2.19,315147.0,-2.35,-0.16,-0.0075,,,,-0.0989,,36491937.0,36495207.0,,,,-394359.0,,4490718.0,43056495.0,38564920.0,1800000.0,,-415.0,2525.0,,21.42,,3947066.0,,785041.0,-4630972.0,,325547.0,-395946.0,,,,,,0.0,,165980133.0,30926933.0,,,,,,34873999.0,,,171498561.0,315147.0,,-4150446.0,,0.0,,6561288.0,41056898.0,,0.0428,,,,,38565777.0,-4222927.0,,,34873999.0,,35228697.0,,,,592655.0,595180.0,,,,,
2016-03-31,2016-05-10,10-Q,INVESCO DB US DOLLAR INDEX BEARISH FUND,UDN,CIK0001383149,USD,,,,49193462.0,,,3085741.0,3085741.0,-3475547.0,,,0.0,-3475547.0,,4584.0,,-25332.0,,,0.0,,,,30661.0,0.92,,,45986739.0,3588.0,2079287.0,,,522592.0,,894.0,40.0,1999414.0,,1599.0,,,,701.0,25332.0,255.0,,25332.0,255.0,,,,,,,,,,,,,,,,,,,1156653.0,,35245.0,49193462.0,49157323.0,2200000.0,,-320.0,6003.0,,22.34,,4272119.0,,-7747666.0,2018557.0,,86062.0,-60730.0,,,,,,,,45960108.0,8583790.0,,,,,,12855909.0,,,36499591.0,82219.0,,522272.0,,,120982.0,3085741.0,,,,,,,,49158217.0,10592440.0,,,12855909.0,,4282026.0,,,,1551012.0,1557015.0,,,,,
2016-06-30,2016-08-09,10-Q,INVESCO DB US DOLLAR INDEX BEARISH FUND,UDN,CIK0001383149,USD,,,,44084797.0,,,1092783.0,1092783.0,,,,0.0,,,4344.0,,,,,0.0,,,,27427.0,-0.41,,,42992014.0,2611.0,-757498.0,,,1405962.0,,877.0,40.0,,,,,,,,28726.0,129.0,,28726.0,,,,,,,,,,,,,,,,,,,,-1002528.0,,218287.0,44084797.0,43865633.0,2000000.0,,1987.0,-6266.0,,21.93,,,,,-813181.0,,84409.0,-55683.0,,,,,,,,,,,,,,,,,,,81669.0,,1407949.0,,,,1092783.0,,,,,,,,43866510.0,-5291707.0,,,4487219.0,,8965745.0,,,,-2159181.0,-2165447.0,,,,,
2016-09-30,2016-11-08,10-Q,INVESCO DB US DOLLAR INDEX BEARISH FUND,UDN,CIK0001383149,USD,,,,39780074.0,,,,,,,,,,,4242.0,,,,,0.0,1004.0,,466.0,23911.0,0.15,,,37994499.0,2392.0,324184.0,,,-732447.0,,883.0,40.0,,,,,,,,28012.0,219.0,,27008.0,,,529.0,0.0078,0.18,75357.0,0.15,-0.03,-0.0049,,,,0.0068,,39738196.0,39743851.0,0.9998,,,51455.0,1749352.0,28153.0,39780074.0,39751038.0,1800000.0,,,2648.0,,22.08,,,,,274757.0,,77968.0,-49427.0,,,,,,,,,,,,,,,,,,,75357.0,,-732447.0,,,35757.0,,,,,,,,,39751921.0,-4114589.0,,,,,4389346.0,,,,1053983.0,1056631.0,,,,,
2016-12-31,2017-03-01,10-K,INVESCO DB US DOLLAR INDEX BEARISH FUND,UDN,CIK0001383149,USD,,,,32776491.0,,,168928.0,,,,,0.0,-6392360.0,,4510.0,,-117783.0,,,0.0,2018.0,,452.0,22842.0,-0.95,32585235.0,,30970236.0,10890.0,-1259739.0,,,-1763453.0,,819.0,40.0,,,-6220.0,,452.0,,627.0,119801.0,761.0,,117783.0,761.0,761.0,1156.0,0.0078,-0.84,310360.0,-0.95,-0.11,-0.0049,-1259739.0,,,-0.0444,,32473872.0,32472811.0,0.9916,,,112424.0,1502575.0,27352.0,32776491.0,32748320.0,1600000.0,,1262.0,-4331.0,,20.47,-8657609.0,-8657609.0,2265249.0,2265249.0,-1460793.0,,322011.0,-201054.0,,,,,,,1502575.0,153852506.0,26000737.0,,,41241120.0,,,17343128.0,,39738545.0,159492191.0,310360.0,,-1762191.0,-1762191.0,,134300.0,,,,,,,,,32749139.0,-5816638.0,,,17343128.0,,21698973.0,,,,506783.0,502452.0,,,,,
2017-03-31,2017-05-09,10-Q,INVESCO DB US DOLLAR INDEX BEARISH FUND,UDN,CIK0001383149,USD,,,,37546791.0,,,0.0,,,,,,-168928.0,,4999.0,,-40195.0,,,0.0,2975.0,,1087.0,23408.0,0.37,38049587.0,,34979122.0,2173.0,647454.0,,,232612.0,,834.0,40.0,,,566.0,,635.0,,489.0,43170.0,65.0,,40195.0,65.0,,1115.0,0.0076,0.38,65186.0,0.37,-0.01,-0.0027,,,,0.0181,,37523382.0,37521048.0,1.0001,,,528539.0,2541926.0,28407.0,37546791.0,37517550.0,1800000.0,,,-1273.0,,20.84,,4144930.0,,-4313858.0,624315.0,,67424.0,-23139.0,,,,,,,,20969964.0,,,,6979998.0,,,4144930.0,,5940647.0,17000000.0,65186.0,,232612.0,,,24656.0,,,,,,,,,37518384.0,4769245.0,,,4144930.0,,,,,,416115.0,414842.0,,,,,
2017-06-30,2017-08-08,10-Q,INVESCO DB US DOLLAR INDEX BEARISH FUND,UDN,CIK0001383149,USD,,,,43637347.0,,,167454.0,,,,,,,,5003.0,,,,,0.0,4714.0,,1330.0,25652.0,0.95,44111418.0,,40963943.0,1978.0,1795672.0,,,1675950.0,,872.0,40.0,,,,,,,,75066.0,113.0,-113.0,70352.0,,,1707.0,0.0075,0.95,74906.0,0.95,0.0,0.0,,,,0.0456,,43465491.0,43468563.0,0.9974,,,642855.0,2504620.0,55020.0,43637347.0,43581455.0,2000000.0,,,5406.0,,21.79,,,,,1795448.0,,76997.0,-224.0,,,,,,,,,,,,,,,,,,,74906.0,,1675950.0,,,,,,,,,,,,43582327.0,6063943.0,,,4268495.0,,,,,,114316.0,119722.0,,,,,
2017-09-30,2017-11-09,10-Q,INVESCO DB US DOLLAR INDEX BEARISH FUND,UDN,CIK0001383149,USD,,,,49086251.0,,,0.0,,,,,,,,4996.0,,,,,0.0,6107.0,,2400.0,29178.0,,48546977.0,,46854118.0,2559.0,884527.0,,,2038833.0,,892.0,40.0,,,,,,,,113009.0,7.0,,106902.0,,,1195.0,0.0076,0.5,82543.0,0.51,0.01,0.0026,,,,0.0234,,49055342.0,49057354.0,1.0001,,,-510377.0,2203236.0,34174.0,49086251.0,49051185.0,2200000.0,,-14.0,-1060.0,,22.3,,,,,913622.0,,85109.0,29095.0,,,,,,,,,,,,,,,,,,,,,2038819.0,,,26497.0,,,,,,,,,49052077.0,5469750.0,,,8986559.0,,4430431.0,,,,-1153232.0,-1154292.0,,,,,
2017-12-31,2018-02-28,10-K,INVESCO DB US DOLLAR INDEX BEARISH FUND,UDN,CIK0001383149,USD,,,,40401325.0,,,169313.0,,,,385.0,0.0,385.0,,5002.0,,-331775.0,,,43111.0,20062.0,2245.0,2245.0,25145.0,,40612680.0,,37933681.0,9067.0,3575441.0,,,3107645.0,,897.0,40.0,,,2303.0,,1793.0,,492.0,351837.0,262.0,,331775.0,262.0,262.0,5176.0,0.0076,1.96,304622.0,1.98,0.02,0.0011,3575441.0,-0.02,,0.0969,,40033382.0,40028791.0,0.9915,,583889.0,583889.0,2095110.0,30147.0,40401325.0,40370281.0,1800000.0,,-139.0,-3530.0,,22.43,4003536.0,4003536.0,-4003151.0,-4003151.0,3618503.0,,313951.0,43062.0,,,,43111.0,,,,125624796.0,17771323.0,,43111.0,48408571.0,,,21817970.0,,47816036.0,118989457.0,,,3107506.0,3107506.0,,200976.0,,,,,,,,,40371178.0,7622039.0,,,21817970.0,,17771323.0,,,,467935.0,467935.0,,,,,
2018-03-31,2018-05-08,10-Q,INVESCO DB US DOLLAR INDEX BEARISH FUND,UDN,CIK0001383149,USD,,,,41165699.0,,,0.0,,,,,0.0,-169313.0,,5610.0,,-135303.0,,,0.0,7628.0,,2804.0,26334.0,,41051369.0,,38790856.0,2573.0,654724.0,,,1353674.0,,913.0,40.0,,,1189.0,,559.0,,608.0,142931.0,71.0,,135303.0,71.0,71.0,1153.0,0.0076,0.36,76088.0,0.4,0.04,0.0064,654724.0,,,0.0178,,41171037.0,41162895.0,1.0017,,,-111526.0,2372039.0,74445.0,41165699.0,41090341.0,1800000.0,,16.0,-3551.0,,22.83,,,-169313.0,-169313.0,720076.0,,78732.0,65352.0,,,,,,42501.0,,36725110.0,,,,11463410.0,,,,,11186481.0,35999703.0,,,1353690.0,1353690.0,,,,,,,,,,,41091254.0,720076.0,,,,,,,,,-695415.0,-698966.0,,,,,
2018-06-30,2018-08-08,10-Q,INVESCO DB US DOLLAR INDEX BEARISH FUND,UDN,CIK0001383149,USD,,,,34662144.0,,,0.0,,,,,0.0,,,4662.0,,,,,0.0,10066.0,,4419.0,19565.0,,34263756.0,,23901699.0,1967.0,-2354673.0,,,-2352922.0,,866.0,40.0,,,,,,,,172786.0,189.0,-189.0,162720.0,,,1074.0,0.0076,-1.23,74442.0,-1.18,0.05,0.0098,-2354673.0,,,-0.0517,,34382218.0,34384323.0,0.9927,,,-120567.0,10482624.0,24227.0,34662144.0,34637051.0,1600000.0,,-2957.0,10247.0,,21.65,,,,,-2257411.0,,76598.0,97262.0,,,,,,,,,,,,,,,,,,,,,-2355879.0,-2355879.0,,273402.0,,,,,,,,,34637917.0,-6453337.0,,,35124115.0,,39320041.0,,,,1206.0,1206.0,,,,,
2018-09-30,2018-11-07,10-Q,INVESCO DB US DOLLAR INDEX BEARISH FUND,UDN,CIK0001383149,USD,,,,30227580.0,,,0.0,,,,,0.0,,,4999.0,,,,,0.0,15409.0,,4713.0,19711.0,,30117935.0,,27856750.0,4111.0,-346330.0,,,-353769.0,,861.0,40.0,,,,,,,,166404.0,577.0,,150995.0,,,1457.0,0.0079,-0.2,61503.0,-0.13,0.07,0.0124,-346330.0,,,-0.006,,30228850.0,30222867.0,1.0029,,,-104932.0,2366117.0,92870.0,30227580.0,30133849.0,1400000.0,,-108.0,-8088.0,,21.52,,,,,-244660.0,,66191.0,101670.0,,,,,,68160.0,,,,,,,,,,,,,,,-353877.0,-353877.0,,,,,,,,,,,30134710.0,-4503207.0,,,47577235.0,,51835782.0,,,,7547.0,7547.0,,,,,
2018-12-31,2019-02-28,10-K,INVESCO DB US DOLLAR INDEX BEARISH FUND,UDN,CIK0001383149,USD,,,,29754273.0,,,0.0,,,,-169313.0,0.0,-169313.0,,4998.0,,-600125.0,,,,44549.0,4533.0,,18421.0,,29982756.0,,27887293.0,10051.0,,,,-2265976.0,,839.0,40.0,,,-6724.0,,2288.0,,-4.0,645803.0,1610.0,,601254.0,,1610.0,4725.0,0.0077,-1.41,268106.0,-1.18,0.23,0.0104,-2545848.0,-0.27,,-0.0528,,29680281.0,29680970.0,1.0106,,301786.0,301786.0,1793677.0,384296.0,29754273.0,29369138.0,1400000.0,,-3049.0,5280.0,,20.98,-8465237.0,,8295924.0,,-2175087.0,,279767.0,370761.0,,,,371641.0,,,,123109622.0,91155823.0,,371641.0,81107667.0,,,82701350.0,,81409100.0,133758366.0,,,-2269025.0,-2269025.0,,68770.0,,,,,,,,,29369977.0,-11001201.0,,,82701350.0,,91155823.0,,,,-276823.0,-276823.0,,,,,
2019-03-31,2019-05-09,10-Q,INVESCO DB US DOLLAR INDEX BEARISH FUND,UDN,CIK0001383149,USD,,,,33185495.0,,,0.0,,,,,0.0,,,4999.0,,-184601.0,,,0.0,12114.0,4596.0,,21620.0,,32951251.0,,30909645.0,1823.0,,,,-118398.0,,828.0,40.0,,,3199.0,,63.0,,1.0,196886.0,248.0,,184772.0,,248.0,1189.0,0.0076,-0.35,61706.0,-0.27,0.08,0.0163,-649250.0,,,-0.0129,,33179572.0,33180899.0,1.0015,,,-229648.0,2271254.0,54807.0,33185495.0,33129860.0,1600000.0,,-56.0,638.0,,20.71,3914786.0,,-3914786.0,,-514952.0,,63777.0,134298.0,,,,,,,,27831661.0,4142665.0,,,26774527.0,,,8418328.0,,26296950.0,24994492.0,,,-118454.0,-118454.0,,,,,,,,,,,33130688.0,3760711.0,,,8418328.0,,4142665.0,,,,-530796.0,-530796.0,,,,,
2019-06-30,2019-08-08,10-Q,INVESCO DB US DOLLAR INDEX BEARISH FUND,UDN,CIK0001383149,USD,,,,41689543.0,,,0.0,,,,,0.0,,,4904.0,,,,,0.0,11054.0,3931.0,,20233.0,,41897541.0,,35512749.0,1546.0,,,,,,838.0,40.0,,,,,,,,199831.0,316.0,,188777.0,,,814.0,0.0076,0.14,61878.0,0.23,0.09,0.0166,236262.0,,,0.0111,,41646237.0,41656505.0,1.1053,,,241036.0,6143756.0,4002025.0,41689543.0,37686680.0,1800000.0,,,8941.0,,20.94,,,,,373167.0,,63740.0,136905.0,,,,,,,,,,,,,,,,,,,,,-243363.0,-243363.0,,29107.0,,,,,,3976888.0,,,37687518.0,4556830.0,,,4183663.0,,,,,,479625.0,479625.0,,,,,
2019-09-30,2019-11-08,10-Q,INVESCO DB US DOLLAR INDEX BEARISH FUND,UDN,CIK0001383149,USD,,,,36498217.0,,,0.0,,,,,0.0,,,4998.0,,,,,0.0,15189.0,2994.0,,22349.0,,36099180.0,,34931836.0,1970.0,,,,,,808.0,40.0,,,,,,,,207464.0,300.0,,192275.0,,,1450.0,0.0076,-0.8,71126.0,-0.73,0.07,0.0143,-1467658.0,,,-0.0349,,36484293.0,36495223.0,1.0034,,,-396043.0,1563387.0,125107.0,36498217.0,36372302.0,1800000.0,,298.0,662.0,,20.21,,,,,-1332140.0,,73396.0,135518.0,,,,,,,,,,,,,,,,,,,,,-831241.0,-831241.0,,,,,,,,,,,36373110.0,-1314408.0,,,4136842.0,,4119110.0,,,,-636417.0,-636417.0,,,,,
2019-12-31,2020-02-28,10-K,INVESCO DB US DOLLAR INDEX BEARISH FUND,UDN,CIK0001383149,USD,,,,50995400.0,,,74484.0,,,,74484.0,0.0,,,4895.0,,-712219.0,,,,58078.0,12587.0,,22843.0,,51077214.0,,28910162.0,7401.0,,,,,,820.0,40.0,,,4422.0,,8054.0,,-103.0,771033.0,1041.0,,712955.0,,1041.0,5857.0,0.0076,-0.49,264787.0,-0.2,0.29,0.0143,-942393.0,-0.28,-0.28,-0.0093,,50756983.0,50761295.0,1.2379,,,315919.0,21851133.0,9989644.0,50995400.0,41004936.0,2000000.0,,242.0,3623.0,,20.5,11713529.0,,-11639045.0,,-438732.0,,273229.0,503661.0,,9961906.0,,508601.0,,,,103937811.0,16436766.0,,508601.0,,,,29019773.0,,,113592932.0,,,-960149.0,-960149.0,,146929.0,,,,,,9961906.0,,,41005756.0,11635779.0,,,29019878.0,,16436766.0,,,,17756.0,17756.0,,,,-960149.0,17756.0
2020-03-31,2020-05-08,10-Q,INVESCO DB US DOLLAR INDEX BEARISH FUND,UDN,CIK0001383149,USD,,,,35889812.0,,,0.0,,,,-74484.0,0.0,,,5008.0,,-102456.0,,,0.0,42778.0,9985.0,,20990.0,,34997555.0,,23999594.0,2094.0,,,,,,797.0,40.0,,,-1853.0,,-2602.0,,113.0,145396.0,186.0,,102618.0,,186.0,5925.0,0.0071,-0.62,72242.0,-0.58,0.04,0.008,-1251161.0,,,-0.0283,,35801191.0,35811220.0,0.9985,,,-813665.0,11811626.0,25998.0,35889812.0,35863017.0,1800000.0,,,5717.0,,19.92,-3967475.0,,3892991.0,,-1174362.0,,74522.0,76799.0,,,,,,,,13943165.0,8027125.0,,,,,,4059650.0,,,9000000.0,,,-127294.0,-127294.0,,68607.0,,,,,,,,,35863814.0,-5141942.0,,,4059545.0,,8027125.0,,,,-1123867.0,-1123867.0,,,,,
2020-06-30,2020-08-07,10-Q,INVESCO DB US DOLLAR INDEX BEARISH FUND,UDN,CIK0001383149,USD,,,,52645980.0,,,0.0,,,,,0.0,,,4810.0,,,,,0.0,11019.0,1646.0,,20583.0,,48107037.0,,17996535.0,1842.0,,,,,,810.0,40.0,,,,,,,,23938.0,149.0,,12919.0,,,11048.0,0.0065,0.34,68202.0,0.32,-0.02,-0.0039,572138.0,,,0.0161,,48521168.0,48520915.0,0.9221,,,-413878.0,30524380.0,25393.0,52645980.0,52619777.0,2600000.0,,,-10282.0,,20.24,,,,,536931.0,,70193.0,-35207.0,,,,,,,,,,,,,,,,,,,,,182633.0,182633.0,,75744.0,,,,,,,,,52620587.0,16756773.0,,,16219842.0,,,,,,389505.0,389505.0,,,,,
2020-09-30,2020-11-06,10-Q,INVESCO DB US DOLLAR INDEX BEARISH FUND,UDN,CIK0001383149,USD,,,,83671198.0,,,0.0,,,,,0.0,,,5000.0,,,,,0.0,2503.0,370.0,,46349.0,,83153808.0,,42994518.0,4123.0,,,,,,836.0,40.0,,,,,,,,12312.0,88.0,,9809.0,,,16513.0,0.0068,0.69,137609.0,0.66,-0.03,-0.0062,1620491.0,,,0.0326,,83669503.0,83670828.0,1.0533,,,-517020.0,40676310.0,4232411.0,83671198.0,79437951.0,3800000.0,,76.0,1578.0,,20.9,,,,,1507496.0,,141820.0,-112995.0,,111.0,,,,,,,,,,,,,,,,,,,1722055.0,1722055.0,,,,,,,,,,,79438787.0,26818200.0,,,33581180.0,,8270476.0,,4180951.0,,-101564.0,-101564.0,,,,,
2020-12-31,2021-02-26,10-K,INVESCO DB US DOLLAR INDEX BEARISH FUND,UDN,CIK0001383149,USD,,,,93936526.0,,,273842.0,,,,199358.0,0.0,,,5001.0,,-134956.0,,,0.0,57836.0,859.0,,50077.0,,94577343.0,,39984877.0,12510.0,,,,,,871.0,40.0,,,27234.0,,-11728.0,,106.0,192986.0,516.0,,135150.0,,516.0,43195.0,0.007,1.34,425802.0,1.27,-0.07,-0.0036,4323865.0,,,0.0619,,93658656.0,93661825.0,1.0003,,,915518.0,53676948.0,304488.0,93936526.0,93631167.0,4300000.0,,98.0,-1143.0,,21.77,48505169.0,,-48305811.0,,4121218.0,,438828.0,-202647.0,,,,,,,,114902514.0,24697919.0,,,,,,73203088.0,,,93999804.0,,,3725409.0,3725409.0,,,,,,,,,,,93632038.0,52626282.0,,,73202983.0,,24697919.0,,,,598456.0,598456.0,,,,3725409.0,598456.0
2021-03-31,2021-05-07,10-Q,INVESCO DB US DOLLAR INDEX BEARISH FUND,UDN,CIK0001383149,USD,,,,81782298.0,,,0.0,,,,-273842.0,0.0,,,4999.0,,-9005.0,,,0.0,3843.0,1143.0,,54722.0,,80359581.0,,45996688.0,5467.0,,,,,,838.0,40.0,,,4645.0,,284.0,,-2.0,12848.0,161.0,,9005.0,,161.0,10783.0,0.0073,-0.78,176412.0,-0.82,-0.04,-0.0067,-3306964.0,,,-0.0377,,81694294.0,81704060.0,0.9998,,,-1344479.0,35707372.0,60858.0,81782298.0,81720602.0,3900000.0,,,6597.0,,20.95,-8444088.0,,8170246.0,,-3465373.0,,182040.0,-158409.0,,,,,,,,19996209.0,21426719.0,,,,,,12981494.0,,,14000000.0,,,-1053564.0,-1053564.0,,77095.0,,,,,,,,,81721440.0,-11910598.0,,,12981494.0,,21426719.0,,,,-2253400.0,-2253400.0,,,,,
2021-06-30,2021-08-06,10-Q,INVESCO DB US DOLLAR INDEX BEARISH FUND,UDN,CIK0001383149,USD,,,,80505435.0,,,0.0,,,,,0.0,,,4999.0,,,,,0.0,2449.0,761.0,,49591.0,,78356212.0,,43997235.0,4480.0,,,,,,843.0,40.0,,,,,,,,10365.0,141.0,,7916.0,,,597.0,0.0077,0.17,151345.0,0.13,-0.04,-0.0072,640913.0,,,0.0062,,80502277.0,80504674.0,1.0051,,,-2148462.0,36507439.0,407150.0,80505435.0,80097442.0,3800000.0,,,-7369.0,,21.08,,,,,495909.0,,155966.0,-145004.0,,,,,,,,,,,,,,,,,,,,,1452265.0,1452265.0,,,,,,,,,,,80098285.0,-1623155.0,,,8559639.0,,10678703.0,,,,-811352.0,-811352.0,,,,,
2021-09-30,2021-11-05,10-Q,INVESCO DB US DOLLAR INDEX BEARISH FUND,UDN,CIK0001383149,USD,,,,61914927.0,,,0.0,,,,,0.0,,,1272.0,,,,,0.0,2030.0,641.0,,38750.0,,60673928.0,,30998492.0,350.0,,,,,,825.0,40.0,,,,,,,,8514.0,125.0,,6484.0,,,0.0,0.0075,-0.42,131649.0,-0.46,-0.04,-0.007,-1349116.0,,,-0.0218,,61836093.0,61837220.0,0.9994,,,-1163292.0,30838728.0,40022.0,61914927.0,61874080.0,3000000.0,,,-1270.0,,20.62,,,,,-1472726.0,,132124.0,-123610.0,,,,,,,,,,,,,,,,,,,,,-2333016.0,-2333016.0,,77066.0,,,,,,,,,61874905.0,-18223380.0,,,,,16750654.0,,,,983900.0,983900.0,,,,,
2021-12-31,2022-02-25,10-K,INVESCO DB US DOLLAR INDEX BEARISH FUND,UDN,CIK0001383149,USD,,,,48676897.0,,,,,,,-273842.0,0.0,,,4845.0,,-26447.0,,,0.0,10466.0,774.0,,34949.0,,48796320.0,,17000743.0,16867.0,,,,,,811.0,40.0,,,-15128.0,,-85.0,,-156.0,36913.0,547.0,,26447.0,,547.0,11379.0,0.0076,-1.35,570462.0,-1.5,-0.15,-0.0071,-5006931.0,,,-0.0689,,48507955.0,48508291.0,0.9974,,,288029.0,31507548.0,39794.0,48676897.0,48636292.0,2400000.0,,,-2833.0,,20.27,-39448420.0,,39174578.0,,-5546515.0,,587876.0,-539584.0,,,,,,,,48992252.0,63067146.0,,,,,,23618726.0,,,72000000.0,,,,-4376609.0,,167832.0,,,,,,,,,48637103.0,-44994935.0,,,23618726.0,,63067146.0,,,,-630322.0,,,,,-4376609.0,-630322.0
